,Accuracy,Precision,Recall,F1-Score,ROC-AUC,PR-AUC,Threshold
Random Forest (optimal thr),0.7346938775510204,0.3402061855670103,0.7021276595744681,0.4583333333333333,0.7338272030321302,0.3610666587527701,0.33010050251256284
