,Accuracy,Precision,Recall,F1-Score,ROC-AUC,PR-AUC
Random Forest,0.8061224489795918,0.375,0.3191489361702128,0.3448275862068966,0.7338272030321302,0.3610666587527701
