,Accuracy,Precision,Recall,F1-Score,ROC-AUC,PR-AUC,Threshold
XGBoost (optimal thr),0.8367346938775511,0.4888888888888889,0.46808510638297873,0.4782608695652174,0.7707812903781549,0.43449448724446027,0.3891959798994975
