,Accuracy,Precision,Recall,F1-Score,ROC-AUC,PR-AUC
XGBoost,0.8469387755102041,0.5294117647058824,0.3829787234042553,0.4444444444444444,0.7707812903781549,0.43449448724446027
